id,user_id,product_id,rating,comment,created_at
d1368534-e7ec-4ffe-990b-b2b1064df710,b50b87cc-6542-4a6d-8462-fd2cb3051c7e,eab58d4d-4a10-4591-884b-d122f17f27dc,4,Pm center free kid security life few recent look go surface discuss grow understand.,2024-10-22T09:18:22
5e676f87-18a2-41ae-a7a2-657c7d899677,d17dd8a4-6399-4bda-888d-7a3a73646aff,eab58d4d-4a10-4591-884b-d122f17f27dc,2,Off begin across require hear late hold condition conference push deal.,2025-01-07T12:35:16
bbdc31f1-1550-4a34-b5e6-fc781a39d375,5f5a5eae-862f-4484-8ef3-9b922f478349,eab58d4d-4a10-4591-884b-d122f17f27dc,2,Staff push during south head claim year hand they.,2025-05-09T18:27:06
3647b7d3-6cf3-435d-b31b-d97f640742e5,1481afad-6c3c-4015-bc6e-e85ad425d031,eab58d4d-4a10-4591-884b-d122f17f27dc,4,Movement item present religious discuss little purpose director while gas south particularly wide.,2024-07-17T00:06:15
aaa717af-088a-4ffa-8627-fc126fd63756,b5ce402e-444a-4e1f-b1c9-cd47dd3fadce,eab58d4d-4a10-4591-884b-d122f17f27dc,4,Front word approach age card even man prove president city most community everybody husband.,2025-01-15T19:04:49
d3c60834-f268-4a05-ba2b-9672d5506d60,5af1d4b8-59d2-4ade-9efd-d8e5084a2fbd,29ad064e-df1a-457a-a715-e59693684439,2,High information wind really foot career discussion shoulder.,2025-03-24T15:59:57
df0fcf51-79c1-4502-a6fe-7edce9e2aa6c,b5ce402e-444a-4e1f-b1c9-cd47dd3fadce,29ad064e-df1a-457a-a715-e59693684439,2,Throw training collection individual wait leader sea people area challenge shoulder.,2024-10-12T12:18:29
c69fc873-3156-4ca1-aa4e-ce2c7a6af449,b50b87cc-6542-4a6d-8462-fd2cb3051c7e,29ad064e-df1a-457a-a715-e59693684439,1,Military American teach study tree health suddenly way.,2024-10-09T19:29:29
4483f7c1-6e54-4c7a-a0e3-ecf8eb316d76,375ccd5d-9a12-43fd-b850-bd0b4ba65d10,9e39c531-2a8f-4d74-b561-c38d885bc7c8,3,Read at member mean Mr market point.,2024-09-28T00:09:22
46148f69-520e-4622-a2a6-b3f6052f86f7,5f5a5eae-862f-4484-8ef3-9b922f478349,9e39c531-2a8f-4d74-b561-c38d885bc7c8,2,Song south power might degree court professional might create ten evidence like.,2024-09-06T17:50:21
85c8e179-26ed-4db2-9b89-13027d8c0e42,5c398a4c-3a93-4ab6-8250-9bd751dfbf2f,9e39c531-2a8f-4d74-b561-c38d885bc7c8,3,Standard fly easy baby head discussion half pay take Republican again pass summer among perhaps.,2025-04-23T09:17:25
8af882cb-1de6-4411-a6ad-04bcf702107e,42e5a3d1-9c80-42ac-bbbd-e8c09ec99e5c,e819661f-903d-47f9-872b-a6a49bf0be3a,5,Pretty commercial cultural shoulder teacher field in kind personal dark form two.,2025-02-27T03:58:58
2d220e1d-a77c-4972-8d6d-ff7b85d29626,5c398a4c-3a93-4ab6-8250-9bd751dfbf2f,e819661f-903d-47f9-872b-a6a49bf0be3a,4,Treat magazine meeting happen leader modern position certain itself anyone guess.,2025-04-05T18:03:56
c245fafe-a549-4c4f-bdc6-67f8f7a72043,9e0575ab-746f-424a-9a98-f51b0f9c5d3e,e819661f-903d-47f9-872b-a6a49bf0be3a,3,Popular decide agent practice commercial pass energy itself truth message her couple accept school.,2025-03-18T11:44:35
332263db-04c7-46fc-911e-cb725731fa03,e79fa58a-4c7e-4a0e-a5fe-d39828f3be81,e819661f-903d-47f9-872b-a6a49bf0be3a,4,Whole paper dinner training civil approach marriage front public however while ask window possible herself well.,2024-09-23T21:27:23
81dbc22b-c9f4-4e76-b2cc-01511b6e20f9,720bc895-06df-4850-a167-50201a6d2a93,e819661f-903d-47f9-872b-a6a49bf0be3a,1,Interest force group right on also serve police since work resource adult adult various arm.,2024-08-08T21:29:56
267a2835-cd03-4a0c-be43-f1474dbe5c71,e79fa58a-4c7e-4a0e-a5fe-d39828f3be81,72a1b9f1-b2a8-401d-9e5b-c08b777ec9a2,4,Respond believe from couple eight couple east age attorney.,2024-10-07T23:13:53
a6fab9f0-27a7-4004-b0a0-a6f42c967501,5c398a4c-3a93-4ab6-8250-9bd751dfbf2f,72a1b9f1-b2a8-401d-9e5b-c08b777ec9a2,1,Form case clearly well score ok prove down institution leave process go thank then.,2024-09-08T23:01:50
1c51f56d-6ee7-406b-a75c-a18e09590f32,5af1d4b8-59d2-4ade-9efd-d8e5084a2fbd,72a1b9f1-b2a8-401d-9e5b-c08b777ec9a2,2,Once discuss new eat early be wife short fill drug above either true wife.,2024-08-29T09:50:01
da8908aa-6859-4d64-b135-a6f12fc597bc,8c3d2732-c3a8-4eed-87b9-a42d16e0e60d,72a1b9f1-b2a8-401d-9e5b-c08b777ec9a2,2,Method find sound reduce remain bad provide minute society how.,2024-12-05T08:47:50
9d57b68f-ffdf-4bfe-b6a1-ca7776d33804,f79972a4-c603-480d-b97c-6b0cc766f884,9b11a661-04c1-440a-9c79-9e3348f10688,2,Trial team decide join although site area blue too hospital model record.,2025-04-20T03:24:57
37a5047e-aa15-4a8d-b3a0-d8b86b07e978,ea35e1f2-3e51-47b2-943d-e35617d9d079,9b11a661-04c1-440a-9c79-9e3348f10688,3,Truth rise data get toward can recognize.,2025-06-22T07:12:14
c8d47263-d996-4bd2-94a2-08fbbc46cd95,5c398a4c-3a93-4ab6-8250-9bd751dfbf2f,9b11a661-04c1-440a-9c79-9e3348f10688,1,Clearly that political few employee usually tell adult bed surface baby in rock project full.,2024-09-02T14:40:15
d1161d0a-cc58-467a-ac15-729ec993d70e,a58cd577-fea6-48f5-8f3b-42a7ff0db174,9b11a661-04c1-440a-9c79-9e3348f10688,4,Protect situation writer tree type pay mouth no foot marriage poor view wait college.,2025-05-13T15:17:48
7449478c-b8fb-42a6-97c6-b18f873f76bf,c2f000d6-a5ba-4c17-bceb-fef9e9ace936,9b11a661-04c1-440a-9c79-9e3348f10688,3,Situation lawyer author likely tend knowledge doctor home focus serve.,2025-02-07T18:04:30
10e33da2-af10-45d2-8899-7931357c0b47,42e5a3d1-9c80-42ac-bbbd-e8c09ec99e5c,be274fa1-8026-4205-95a7-3beef257637d,1,Protect nearly near affect month keep camera lose investment whom world.,2025-04-22T05:20:44
246dbf7e-f347-42d6-8f20-0977082cac61,5af1d4b8-59d2-4ade-9efd-d8e5084a2fbd,be274fa1-8026-4205-95a7-3beef257637d,3,Technology ever soon be partner stuff usually full firm.,2025-04-08T04:42:18
d6180960-4f25-4287-8285-ec93bc335c0b,f79972a4-c603-480d-b97c-6b0cc766f884,be274fa1-8026-4205-95a7-3beef257637d,5,Fast east within note approach modern he sign piece energy such family prove.,2024-10-07T04:09:21
4d34ef48-6994-43dd-b6fb-e0b1dcdd9336,1481afad-6c3c-4015-bc6e-e85ad425d031,530ae57b-078b-4dcf-9d9c-be104563bb94,3,Author design quickly mention range capital continue ball ground dog week sport sell account.,2025-01-27T04:36:16
06903c41-df94-4db3-b3e6-a719e140f9a9,e79fa58a-4c7e-4a0e-a5fe-d39828f3be81,530ae57b-078b-4dcf-9d9c-be104563bb94,3,Account respond just commercial fast federal west argue thus without this difficult talk hair success central.,2024-12-26T22:40:08
199f70a7-7811-4bbb-90c2-5a1de122e961,5af1d4b8-59d2-4ade-9efd-d8e5084a2fbd,530ae57b-078b-4dcf-9d9c-be104563bb94,3,Ask share stop against need but concern size take true study according these drug watch.,2025-04-01T06:02:21
38f45309-b97b-438b-8a99-9ebb79402bff,42e5a3d1-9c80-42ac-bbbd-e8c09ec99e5c,530ae57b-078b-4dcf-9d9c-be104563bb94,1,Memory consider instead main agent really writer election throughout himself place sea office movie community.,2025-07-01T10:02:24
91a4c2df-5643-4fe5-afce-01b982b24df7,f79972a4-c603-480d-b97c-6b0cc766f884,530ae57b-078b-4dcf-9d9c-be104563bb94,2,Skill matter I cause particular six time least executive center born.,2024-10-11T05:11:29
61bce0ec-754e-4823-bbcb-08ecc7f6d9d6,e79fa58a-4c7e-4a0e-a5fe-d39828f3be81,44459800-ff1a-48aa-84ef-14d26823913c,3,Line foot away daughter provide age father what produce along surface relationship town stand war long.,2024-10-09T16:33:57
a807ce53-27ce-4ba7-b16c-fe5d884b2aec,1481afad-6c3c-4015-bc6e-e85ad425d031,44459800-ff1a-48aa-84ef-14d26823913c,2,Take build necessary heavy billion couple analysis moment stop take.,2025-05-12T18:24:03
1dae3d06-18e5-4196-ade3-901688d0ff50,720bc895-06df-4850-a167-50201a6d2a93,44459800-ff1a-48aa-84ef-14d26823913c,4,Understand cut election experience probably put once above nice itself bank for hot wife thousand.,2025-02-23T17:33:18
b38fb6fe-93bd-403e-a834-39f384107c15,9615f8e7-65d5-46e4-b800-4b232c735eda,44459800-ff1a-48aa-84ef-14d26823913c,5,Nothing what write when hold who simply wall true public guy top.,2024-08-05T10:28:24
08919903-aa49-46b8-a451-9dc4a5ce0169,8c3d2732-c3a8-4eed-87b9-a42d16e0e60d,ca3eb54e-24e6-4b2b-93ab-e45b2d8855b0,1,Trade yard parent until beyond financial hand.,2025-05-03T05:28:33
942e3738-6906-4685-9643-8e24f036bc46,5af1d4b8-59d2-4ade-9efd-d8e5084a2fbd,ca3eb54e-24e6-4b2b-93ab-e45b2d8855b0,5,Number final collection local talk always expert home president music group.,2024-08-17T15:52:14
089f7cbb-a8a9-456b-af68-112f2dc51ee9,f79972a4-c603-480d-b97c-6b0cc766f884,ca3eb54e-24e6-4b2b-93ab-e45b2d8855b0,2,Trade must analysis whole yet meet particularly million camera enter from.,2024-12-23T21:15:51
f35a88a5-b6ba-40e0-8dd6-0b54e133d50e,a58cd577-fea6-48f5-8f3b-42a7ff0db174,33a08209-af4c-4be0-ae93-12f309be47f0,5,Person next thus Democrat officer wish early college establish pay appear.,2024-11-23T20:43:29
c234cfd4-c3e1-4411-a263-cb8d9c442619,f79972a4-c603-480d-b97c-6b0cc766f884,33a08209-af4c-4be0-ae93-12f309be47f0,5,Mind all lose thus hand green follow nearly hair out safe.,2024-08-29T13:06:41
6a9ae298-7f25-463d-9677-c3fedae11528,d17dd8a4-6399-4bda-888d-7a3a73646aff,33a08209-af4c-4be0-ae93-12f309be47f0,5,Toward condition with effort mention friend project product line remain seek no occur their food manage.,2025-03-10T21:22:14
8459426c-2de7-43f9-a166-4b0ad3f017dc,720bc895-06df-4850-a167-50201a6d2a93,26b5349c-e357-430b-8c84-29b896732218,4,Television interesting green management take only popular today never mother fact true.,2025-01-23T06:20:52
f17d79b2-30c2-4e5a-8657-3e00d0372872,9e0575ab-746f-424a-9a98-f51b0f9c5d3e,26b5349c-e357-430b-8c84-29b896732218,4,Ever brother concern management certain purpose guess attention.,2025-05-20T01:20:35
612d2604-3e0f-4523-8f2a-6bc4fa735171,e79fa58a-4c7e-4a0e-a5fe-d39828f3be81,26b5349c-e357-430b-8c84-29b896732218,5,Green join who program it relationship whatever company travel draw.,2024-10-06T13:41:45
651f99ad-e155-4958-b91f-30f7f83db19c,9615f8e7-65d5-46e4-b800-4b232c735eda,93075979-bd32-4532-a7be-2b88f3544124,1,Civil animal ready year natural citizen budget full Mr start dog speak general focus cause.,2025-07-10T09:02:17
bb111b48-d4f5-44de-ae3a-620045660335,f79972a4-c603-480d-b97c-6b0cc766f884,93075979-bd32-4532-a7be-2b88f3544124,5,Teacher buy evening test side yeah attack necessary pass go.,2025-04-04T18:53:28
0db6e3e7-099f-4e3c-a3cb-4e14314e966b,42e5a3d1-9c80-42ac-bbbd-e8c09ec99e5c,93075979-bd32-4532-a7be-2b88f3544124,3,Standard improve approach direction picture adult hope subject country military television bank fast.,2024-08-05T17:47:04
9cd9002b-30fa-461d-a9a6-5b098c8adfc5,f1e9ed60-2e1c-4b0d-a8a7-5ca744482bb1,93075979-bd32-4532-a7be-2b88f3544124,2,Life much least find begin inside season doctor out interest maybe herself good.,2024-11-30T00:16:20
9cb7e124-1106-4d7a-ac92-ebea1a605fd6,b5ce402e-444a-4e1f-b1c9-cd47dd3fadce,93075979-bd32-4532-a7be-2b88f3544124,4,Policy send stay high bar million Mrs first.,2025-01-21T22:50:29
96337cd3-60b6-413f-9d31-0b37ca87d108,c2f000d6-a5ba-4c17-bceb-fef9e9ace936,becc7ec1-ca89-470c-8835-deb2f24f8487,2,Upon never together contain image return rule mission final side trip meeting three official from.,2024-12-09T01:07:45
690d1b5e-de64-4aed-b2f9-dfaafdc22dc0,ea35e1f2-3e51-47b2-943d-e35617d9d079,becc7ec1-ca89-470c-8835-deb2f24f8487,3,Everybody down show unit religious game us yet.,2025-07-11T04:39:18
0f8c5c4a-2662-41b3-9006-6b6cd496df03,1481afad-6c3c-4015-bc6e-e85ad425d031,becc7ec1-ca89-470c-8835-deb2f24f8487,2,Right local continue unit artist laugh film huge carry contain evidence until probably.,2024-08-24T23:36:35
b0d01c85-53cc-4027-ae47-045ca09c176b,f79972a4-c603-480d-b97c-6b0cc766f884,becc7ec1-ca89-470c-8835-deb2f24f8487,4,Travel audience wide former us participant her word finally.,2024-10-06T02:34:36
4202c07e-c4fa-4708-8db4-2151bf3ef8d3,5f5a5eae-862f-4484-8ef3-9b922f478349,becc7ec1-ca89-470c-8835-deb2f24f8487,1,Beat suffer cell sing evening step you any but per space apply side campaign prepare.,2025-03-24T17:19:16
e23823bb-ad07-4b29-8dc0-aa4ea9818114,a58cd577-fea6-48f5-8f3b-42a7ff0db174,fcc31171-6954-4cb7-8d0f-093f82dc835f,3,Assume speak into face activity range create garden turn even health official inside letter million adult.,2024-12-26T23:45:37
0aa49c6f-9d7c-443e-84a7-8972dfc02820,c2f000d6-a5ba-4c17-bceb-fef9e9ace936,fcc31171-6954-4cb7-8d0f-093f82dc835f,2,Anyone protect education city garden car cause pay finally word including.,2025-02-05T16:45:25
bd94f55c-92b6-47b5-b723-547f672a1d43,f1e9ed60-2e1c-4b0d-a8a7-5ca744482bb1,fcc31171-6954-4cb7-8d0f-093f82dc835f,1,Staff new successful might ground tell seem rest drop scientist while.,2025-04-04T01:46:18
1f437563-c767-42ce-9277-f57cf357654a,5af1d4b8-59d2-4ade-9efd-d8e5084a2fbd,fcc31171-6954-4cb7-8d0f-093f82dc835f,2,Company speech analysis poor attack by development.,2025-01-08T04:33:19
ebedbc7c-8f4c-45b3-bcd3-4b4b9e7b56f8,f1e9ed60-2e1c-4b0d-a8a7-5ca744482bb1,6cee0f04-9d76-4cad-b79b-3d73ac1e9a64,1,Believe two discussion thought American own might candidate public.,2024-12-15T13:54:56
cf14376d-2478-45d1-ac56-b881397c7c56,c2f000d6-a5ba-4c17-bceb-fef9e9ace936,6cee0f04-9d76-4cad-b79b-3d73ac1e9a64,2,Develop culture control along avoid point successful whole relate behavior nor high indicate from also reflect.,2025-03-20T23:40:53
f238f306-11bc-4690-9817-1ed3117e0496,9e0575ab-746f-424a-9a98-f51b0f9c5d3e,6cee0f04-9d76-4cad-b79b-3d73ac1e9a64,3,Travel none turn lot alone local out mother rather rule firm drive employee happen.,2024-09-02T13:30:50
015ae80b-72e0-4ec7-b11b-2fcd8c03e2ac,8c3d2732-c3a8-4eed-87b9-a42d16e0e60d,6cee0f04-9d76-4cad-b79b-3d73ac1e9a64,4,Important again company test across seat lay.,2025-01-30T17:30:05
c2f9f91e-4392-465f-b559-6e187e49d3c0,9615f8e7-65d5-46e4-b800-4b232c735eda,6cee0f04-9d76-4cad-b79b-3d73ac1e9a64,4,Inside series operation price religious spend listen white skill.,2024-12-07T07:27:03
9bb14d8c-2f01-4636-8beb-2e11bcb4b811,375ccd5d-9a12-43fd-b850-bd0b4ba65d10,8350326d-e7b0-4de0-888e-96567fa75a80,2,Family month food five ever service high culture nor organization ahead work usually start sport sing.,2025-05-20T00:26:57
a8dd7ef5-cee5-4cd5-90e1-d75d261df333,f1e9ed60-2e1c-4b0d-a8a7-5ca744482bb1,8350326d-e7b0-4de0-888e-96567fa75a80,2,Remember young woman fear similar billion pay term shake evidence group little worker necessary.,2024-11-30T02:42:39
9515ac6d-4c9a-4f57-96b6-c729dec52ebb,5af1d4b8-59d2-4ade-9efd-d8e5084a2fbd,8350326d-e7b0-4de0-888e-96567fa75a80,4,Than save that science particular product month whole evening.,2025-03-26T12:35:24
ef39ba34-cbd1-4efa-b086-351437bfe229,5f5a5eae-862f-4484-8ef3-9b922f478349,dcd597a4-4d29-4b93-aca2-d61ac23ea9c5,3,Of young little reason sister their list foot pick.,2025-02-27T08:00:02
03e2a91b-b91a-46dd-9780-3388485eb829,d17dd8a4-6399-4bda-888d-7a3a73646aff,dcd597a4-4d29-4b93-aca2-d61ac23ea9c5,1,Our population under foreign police factor scientist important scene enough computer head whose ever.,2025-04-11T19:36:01
bfff8ece-4efa-4882-9a96-8e42f0c0f681,7163643f-58f1-4ca4-a0e4-fb161cca8b3a,dcd597a4-4d29-4b93-aca2-d61ac23ea9c5,2,Difficult beat lot better feel training on bad best rest watch.,2025-01-14T13:03:05
ad4bb624-0dde-47c7-957d-c4763645b5d3,720bc895-06df-4850-a167-50201a6d2a93,83dd344d-a079-4091-94e3-a31f107c26ec,5,Available couple nothing girl audience dark set magazine oil this management determine.,2025-06-07T09:37:36
60121f8c-e44b-46cf-80a8-3d663df05a00,e79fa58a-4c7e-4a0e-a5fe-d39828f3be81,83dd344d-a079-4091-94e3-a31f107c26ec,2,Job avoid hotel fact by key me mind federal accept most method.,2025-01-21T01:55:01
72114bdc-e80c-4a06-8f88-4bc6ee004914,ea35e1f2-3e51-47b2-943d-e35617d9d079,83dd344d-a079-4091-94e3-a31f107c26ec,2,Body help yet end anything push book each mother beyond part mean report tree data.,2025-01-11T08:07:19
1e611a3a-bf59-467d-9ec5-5ea6bb52cc3e,42e5a3d1-9c80-42ac-bbbd-e8c09ec99e5c,321ba754-c9ed-48b1-9d1f-ca16cea2f5d9,1,Beat fly body brother have traditional away do rest say sea see especially tend court author.,2025-01-24T15:44:10
5d5b171f-0738-4bd3-9177-2462a11cb612,5c398a4c-3a93-4ab6-8250-9bd751dfbf2f,321ba754-c9ed-48b1-9d1f-ca16cea2f5d9,3,Blue protect friend see leg job understand small.,2024-11-07T11:12:27
d7649bf0-ae24-4417-b6d3-f14c1af64027,f79972a4-c603-480d-b97c-6b0cc766f884,321ba754-c9ed-48b1-9d1f-ca16cea2f5d9,5,Stuff particularly expect cell television institution reality interesting.,2025-07-10T16:20:00
9d70eb95-8324-4736-bc0b-f8c47ddc0789,b5ce402e-444a-4e1f-b1c9-cd47dd3fadce,321ba754-c9ed-48b1-9d1f-ca16cea2f5d9,3,Itself head order one side continue set hit fire.,2024-11-22T03:04:36
5ee0c73f-78af-47d9-9125-157b38ea4c41,9e0575ab-746f-424a-9a98-f51b0f9c5d3e,1e1067ad-24f6-4c3e-90ea-9e5036e6941b,4,Hot head theory evening else small meeting class.,2024-08-29T23:47:03
183c5d4a-1339-4589-a437-5165006aeb8f,1481afad-6c3c-4015-bc6e-e85ad425d031,1e1067ad-24f6-4c3e-90ea-9e5036e6941b,5,The catch eat long opportunity lot enjoy everything top large structure list once.,2025-03-21T14:55:55
97483889-ee21-473a-96f0-91cb89e441b3,c2f000d6-a5ba-4c17-bceb-fef9e9ace936,1e1067ad-24f6-4c3e-90ea-9e5036e6941b,3,Entire style building of difficult other any service.,2025-07-13T17:32:21
81b16588-823b-48d9-a87a-cb1f5cb5e8b9,7163643f-58f1-4ca4-a0e4-fb161cca8b3a,1e1067ad-24f6-4c3e-90ea-9e5036e6941b,5,Discover instead road receive actually south Mrs rest force cause.,2025-04-22T07:32:37
458b4c8c-f80e-4e4d-a856-d2c5210b9f8f,5af1d4b8-59d2-4ade-9efd-d8e5084a2fbd,145870fd-23d4-4830-8454-292059dd2e32,2,Name anyone foreign early region include piece heart market officer everyone.,2025-03-11T01:37:40
8d5b413d-b6ce-4dfc-aed4-ef28a7873cb4,f1e9ed60-2e1c-4b0d-a8a7-5ca744482bb1,145870fd-23d4-4830-8454-292059dd2e32,1,Central bring international reduce teacher nearly somebody close early.,2025-06-08T03:01:47
4242e447-a6be-4bbb-8eb7-9d3a02a04626,7163643f-58f1-4ca4-a0e4-fb161cca8b3a,145870fd-23d4-4830-8454-292059dd2e32,4,Policy responsibility part sea official actually total than plan subject.,2024-12-27T23:41:00
56579962-7c55-4d17-8523-5e17515cc635,a58cd577-fea6-48f5-8f3b-42a7ff0db174,145870fd-23d4-4830-8454-292059dd2e32,1,Get child away federal night prove young senior in sister individual sort service way.,2024-10-19T01:37:56
98f902c6-3a68-400a-a222-956fa545d5f4,8c3d2732-c3a8-4eed-87b9-a42d16e0e60d,7dcc44a9-8531-4c39-9c13-9388b77b057d,2,Play social billion act most attack simple tend parent run perhaps.,2025-03-21T10:06:53
fdddfc58-2b58-4f58-9404-940e498289a5,720bc895-06df-4850-a167-50201a6d2a93,7dcc44a9-8531-4c39-9c13-9388b77b057d,5,Product huge claim theory especially control move art respond.,2024-11-02T22:18:05
aca3498b-0529-4abb-90ba-09c1fcdb7cce,1481afad-6c3c-4015-bc6e-e85ad425d031,7dcc44a9-8531-4c39-9c13-9388b77b057d,1,Speak pressure cause stop term society television.,2025-06-02T04:36:49
59ce81dd-e0f7-402f-8944-e621d3ad585f,42e5a3d1-9c80-42ac-bbbd-e8c09ec99e5c,7dcc44a9-8531-4c39-9c13-9388b77b057d,2,Candidate study great order something will side might past himself short.,2025-05-31T20:55:48
75e5e1d9-c29e-4897-8cd5-141b62e08827,9615f8e7-65d5-46e4-b800-4b232c735eda,5ecdde0b-abee-493d-b0d2-6b3908dec305,3,Rise show walk response analysis bring production.,2025-05-06T21:38:28
488ef68a-1a05-4a29-8f67-bbba126cbc12,5f5a5eae-862f-4484-8ef3-9b922f478349,5ecdde0b-abee-493d-b0d2-6b3908dec305,5,Determine travel result never believe exactly exactly.,2025-05-29T09:18:01
55cc7f26-79f2-407f-a566-44da7be0180c,b50b87cc-6542-4a6d-8462-fd2cb3051c7e,5ecdde0b-abee-493d-b0d2-6b3908dec305,2,Size effect for ever class paper discussion several tend.,2025-01-11T14:03:07
66b41475-bf38-443f-823a-68ee94cffb72,f79972a4-c603-480d-b97c-6b0cc766f884,5ecdde0b-abee-493d-b0d2-6b3908dec305,5,Treatment true list believe we wait film four.,2024-09-28T05:08:14
a3d082e0-1586-4ea4-bf8b-222007cb7677,d17dd8a4-6399-4bda-888d-7a3a73646aff,f561d8eb-22d2-4041-aab3-1ac6eb6ee7dd,3,Nice police southern make special age they reflect daughter.,2024-09-04T02:46:19
f8cb8587-c866-45bd-bbfd-ad9b19832426,720bc895-06df-4850-a167-50201a6d2a93,f561d8eb-22d2-4041-aab3-1ac6eb6ee7dd,4,Foreign east throughout away religious memory face alone wide recently right both fall agree chance wide.,2025-05-30T16:38:02
0ae7ecfd-e422-4e5b-8d8a-42498e6d4d1c,5c398a4c-3a93-4ab6-8250-9bd751dfbf2f,f561d8eb-22d2-4041-aab3-1ac6eb6ee7dd,1,Thousand instead defense rate all recent since his sometimes and.,2025-05-19T07:56:47
60095809-b4df-4df8-b0fb-a2d31cd89d2e,375ccd5d-9a12-43fd-b850-bd0b4ba65d10,f561d8eb-22d2-4041-aab3-1ac6eb6ee7dd,1,Take middle teacher account top send thought each choose me society improve remember girl build.,2024-11-23T05:18:34
b9dc88cc-24cf-4d1b-88e5-f05c965b8f7c,720bc895-06df-4850-a167-50201a6d2a93,1111509c-a627-4f9f-9c50-4f12d8c0245c,5,Better thus floor southern capital want some prove sing use school involve age kind.,2025-04-21T09:03:59
f6fb4ed7-fe6b-44ed-b72b-3433066185be,9615f8e7-65d5-46e4-b800-4b232c735eda,1111509c-a627-4f9f-9c50-4f12d8c0245c,2,Name lose southern attack less last visit buy identify.,2025-02-18T12:25:43
6ac96af2-59a4-4aaf-bc3c-ff0fa927be9a,9e0575ab-746f-424a-9a98-f51b0f9c5d3e,1111509c-a627-4f9f-9c50-4f12d8c0245c,1,Attention measure change opportunity list nor mind pressure decide development you.,2024-10-15T18:29:51
588b48b6-fb0d-4095-acd0-5caf459422cc,b50b87cc-6542-4a6d-8462-fd2cb3051c7e,1111509c-a627-4f9f-9c50-4f12d8c0245c,5,Member father occur case compare daughter charge baby language visit me impact pattern.,2024-09-28T18:07:38
d9c47f43-f20a-435a-b45b-4ef79010f957,d17dd8a4-6399-4bda-888d-7a3a73646aff,1111509c-a627-4f9f-9c50-4f12d8c0245c,5,Industry yes report answer away write teacher marriage city site stuff his nation course new.,2025-01-04T07:43:42
617266b3-d49e-47cb-9e50-045a1eedfd4d,375ccd5d-9a12-43fd-b850-bd0b4ba65d10,47933b38-3b20-474d-9c08-9073885c8292,3,Tv wall several hear order activity military mean wait still her southern chair.,2024-11-25T04:10:00
efdc6223-7352-4329-b254-155910db3f0b,5af1d4b8-59d2-4ade-9efd-d8e5084a2fbd,47933b38-3b20-474d-9c08-9073885c8292,3,Where deep structure feel foot present machine rather.,2024-07-30T01:25:18
66bd8cc3-032e-4095-946c-6889026d3d32,ea35e1f2-3e51-47b2-943d-e35617d9d079,47933b38-3b20-474d-9c08-9073885c8292,3,Side anyone power remember modern happen year catch away four get expect like development visit.,2024-11-07T02:33:25
c82c6ca6-9d45-4e84-a22a-3260b5b49d2d,720bc895-06df-4850-a167-50201a6d2a93,47933b38-3b20-474d-9c08-9073885c8292,5,Account learn local defense where husband perform specific serious structure good month various.,2025-04-04T09:01:13
b336ca65-7676-47e2-bb75-4ac2df753eb5,a58cd577-fea6-48f5-8f3b-42a7ff0db174,47933b38-3b20-474d-9c08-9073885c8292,4,Everyone business set three idea continue list site student behavior fight information himself.,2024-12-10T12:23:24
250c9651-93ef-4948-9f9a-19a6683c876d,375ccd5d-9a12-43fd-b850-bd0b4ba65d10,b97a7455-ba07-4f0c-a2ee-53aaa4187730,2,Five least stay cold doctor PM agent artist write customer true husband grow technology environment see.,2025-02-07T09:42:25
02b45818-d1bb-47de-979c-0771f1784c02,f79972a4-c603-480d-b97c-6b0cc766f884,b97a7455-ba07-4f0c-a2ee-53aaa4187730,5,Above doctor chance perform by language son above character station Mrs.,2025-03-26T10:16:56
b8633346-08c5-4e37-a002-90ea2af0ca56,d17dd8a4-6399-4bda-888d-7a3a73646aff,b97a7455-ba07-4f0c-a2ee-53aaa4187730,4,Because Republican walk network other head brother success sit include indeed.,2025-01-30T16:01:25
227ac21e-0ae2-4351-953b-0dee938a53ff,8c3d2732-c3a8-4eed-87b9-a42d16e0e60d,b97a7455-ba07-4f0c-a2ee-53aaa4187730,4,Middle base write half cultural manager member head everything important behavior sing institution billion since should.,2025-07-12T19:16:31
f5d0fe10-e23e-453a-8530-285e3d5bc0f3,1481afad-6c3c-4015-bc6e-e85ad425d031,0ad515f5-ad03-4ad1-bb9a-0df0055d582f,4,Professor administration least management put think quite responsibility these college plan.,2024-07-26T06:26:33
1546239c-7990-4862-9bdd-4b794c68c733,f79972a4-c603-480d-b97c-6b0cc766f884,0ad515f5-ad03-4ad1-bb9a-0df0055d582f,5,Guy fill difference war best kind born view kid recent.,2024-09-17T07:52:51
a2197135-758f-4e4d-99d5-3b8a074e9fbb,b50b87cc-6542-4a6d-8462-fd2cb3051c7e,0ad515f5-ad03-4ad1-bb9a-0df0055d582f,4,Class paper write again town recent thing speak bag responsibility while also call the.,2025-04-01T11:47:39
b9522bdd-2a7c-4563-b548-6c464f899c01,c2f000d6-a5ba-4c17-bceb-fef9e9ace936,effea010-3d1a-4603-99f8-53bc9851e5eb,1,Develop fill federal trouble to accept time under message question.,2025-06-21T12:19:58
8c4c2291-72dd-4059-936c-540bab565502,5c398a4c-3a93-4ab6-8250-9bd751dfbf2f,effea010-3d1a-4603-99f8-53bc9851e5eb,2,Part exactly also Mr raise assume reach oil economy trouble.,2024-12-12T23:01:38
477e0b96-0107-4abc-b99a-375c8da5fdc4,ea35e1f2-3e51-47b2-943d-e35617d9d079,effea010-3d1a-4603-99f8-53bc9851e5eb,4,Attention production item ball contain high contain.,2024-07-26T06:22:24
78b12f4b-ea6e-4479-91e4-ed485f235a2e,9615f8e7-65d5-46e4-b800-4b232c735eda,67b9096c-450d-4cca-9e8d-7d9d565ff608,3,Yard many establish administration learn standard kitchen.,2025-03-26T11:16:56
fefee42e-cda4-4495-8cf0-12b22e3193e3,375ccd5d-9a12-43fd-b850-bd0b4ba65d10,67b9096c-450d-4cca-9e8d-7d9d565ff608,5,Small address process crime bed interesting structure meeting foot down free smile hotel.,2025-04-13T12:55:48
c082abc4-0a85-4780-9447-cb6dcb920d45,5f5a5eae-862f-4484-8ef3-9b922f478349,67b9096c-450d-4cca-9e8d-7d9d565ff608,3,System and administration rock nothing add reason human improve close those argue.,2024-08-28T21:13:12
37b5142b-8227-4787-8d90-9cc75082bc88,720bc895-06df-4850-a167-50201a6d2a93,4efd3765-34d9-4ce9-9c4c-e7d5d64567de,2,Seat again break administration dream husband enter will resource we.,2025-04-13T16:29:32
0a1ba6c3-b2ca-4907-b686-64cf657db7a5,b5ce402e-444a-4e1f-b1c9-cd47dd3fadce,4efd3765-34d9-4ce9-9c4c-e7d5d64567de,5,Month red instead heart probably technology over account home prove.,2024-10-27T12:04:29
9d9b0f30-42d3-450b-a397-c53ebc71ff41,f79972a4-c603-480d-b97c-6b0cc766f884,4efd3765-34d9-4ce9-9c4c-e7d5d64567de,3,Somebody ok recent or work agree and daughter plan policy themselves follow couple magazine.,2025-06-04T18:35:58
71bab5ff-2300-4b62-b44d-63479a46256e,c2f000d6-a5ba-4c17-bceb-fef9e9ace936,4efd3765-34d9-4ce9-9c4c-e7d5d64567de,2,Management stay during sign your blue treatment college.,2024-09-22T13:43:24
5b218402-57f8-4af7-8228-4d89bcc32e43,b50b87cc-6542-4a6d-8462-fd2cb3051c7e,4efd3765-34d9-4ce9-9c4c-e7d5d64567de,4,Though teacher television prepare imagine special organization.,2025-03-31T20:04:33
8661438b-f55d-43da-b404-b49dcb94cb01,d17dd8a4-6399-4bda-888d-7a3a73646aff,49a49d63-f538-4d86-9f7a-e3df0e0f66a7,4,Provide court office nearly worry art mother seven color yeah tree change official lose.,2024-11-06T17:58:31
f21354fb-ddf5-4cec-921f-546cfa3449c6,375ccd5d-9a12-43fd-b850-bd0b4ba65d10,49a49d63-f538-4d86-9f7a-e3df0e0f66a7,5,Soon environmental least always wind already myself culture worker three report growth provide character.,2024-07-16T00:04:04
0f054af5-fae4-48a2-bbeb-ffbb35c20186,e79fa58a-4c7e-4a0e-a5fe-d39828f3be81,49a49d63-f538-4d86-9f7a-e3df0e0f66a7,3,Research film growth rich center apply when feeling let evidence yourself better.,2025-05-21T09:29:15
2ed991fd-b8bf-43c5-b1eb-55e28993de79,c2f000d6-a5ba-4c17-bceb-fef9e9ace936,49a49d63-f538-4d86-9f7a-e3df0e0f66a7,4,There call society growth establish concern white amount impact become single.,2025-03-06T20:41:44
76dd4d57-c3a3-4739-8ba6-4b5a0a932402,9615f8e7-65d5-46e4-b800-4b232c735eda,181b1fd1-c725-4c7a-9e58-7cd612bbd100,4,Stop factor debate ball black write him product speak total.,2025-04-11T21:06:07
d23ff258-ccae-4721-a1f6-4dbc084d8643,f1e9ed60-2e1c-4b0d-a8a7-5ca744482bb1,181b1fd1-c725-4c7a-9e58-7cd612bbd100,5,Together require because since interest explain recently six and.,2025-01-25T16:03:46
2dcd2475-45ea-4cf7-b762-69c81b7ca75f,5f5a5eae-862f-4484-8ef3-9b922f478349,181b1fd1-c725-4c7a-9e58-7cd612bbd100,2,Set type either one sell training customer list authority town.,2025-01-10T22:43:16
38796bed-414d-468d-8334-f960990b4282,720bc895-06df-4850-a167-50201a6d2a93,181b1fd1-c725-4c7a-9e58-7cd612bbd100,5,Outside large choose usually high reveal hard music industry let.,2024-08-24T15:30:48
163815f9-6b5f-4be3-97c9-8adfdafc1151,b5ce402e-444a-4e1f-b1c9-cd47dd3fadce,181b1fd1-c725-4c7a-9e58-7cd612bbd100,3,Free Congress analysis image usually door often firm without religious born.,2025-02-03T22:57:04
6890f59b-3e9d-46b0-9f05-b7ab6974fe61,9e0575ab-746f-424a-9a98-f51b0f9c5d3e,39e33214-9748-4c25-8f66-b9c5578a36f4,1,Continue traditional brother still second power impact break also compare.,2025-06-02T03:54:39
87d197f9-8cde-4c77-9db2-bd0cb9eeb9a3,b50b87cc-6542-4a6d-8462-fd2cb3051c7e,39e33214-9748-4c25-8f66-b9c5578a36f4,2,Game though run high better president ask individual within.,2025-01-10T07:29:03
4539a94a-0267-45a4-9b05-4ce146842a58,5c398a4c-3a93-4ab6-8250-9bd751dfbf2f,39e33214-9748-4c25-8f66-b9c5578a36f4,4,Eight magazine likely government must Mr travel ready financial administration operation.,2025-03-19T05:05:07
564ba300-8264-41ab-af0e-8a8ffdef429e,b5ce402e-444a-4e1f-b1c9-cd47dd3fadce,39e33214-9748-4c25-8f66-b9c5578a36f4,3,Specific you of new pay lawyer nor often who.,2025-04-13T20:05:07
988ac5c0-94be-4593-9b68-0dc214ebeb98,9615f8e7-65d5-46e4-b800-4b232c735eda,d8b57cb2-5ee6-4774-aa8d-7fe851914899,3,Interest media respond exist society know trade next law make art other couple man.,2024-07-29T04:22:46
ffae5bde-a393-472f-92c2-2426d6be0075,9e0575ab-746f-424a-9a98-f51b0f9c5d3e,d8b57cb2-5ee6-4774-aa8d-7fe851914899,1,Fire least song everyone return role should here serve question before cover.,2025-01-28T22:56:31
7bf8b0bb-341c-4ff0-8906-bf92b27883bc,8c3d2732-c3a8-4eed-87b9-a42d16e0e60d,d8b57cb2-5ee6-4774-aa8d-7fe851914899,4,Save save audience history prevent garden dog concern film heavy modern look.,2025-05-02T12:42:14
8ef5e76f-7942-4eb1-b8bc-5f1d11dccc82,42e5a3d1-9c80-42ac-bbbd-e8c09ec99e5c,ffc985b9-00a6-44c9-9e4e-5a6e0853e536,2,Why pattern little actually report part investment address investment trial east expect.,2024-10-04T08:11:26
41d46899-3a2a-4879-ad15-0afb36706575,720bc895-06df-4850-a167-50201a6d2a93,ffc985b9-00a6-44c9-9e4e-5a6e0853e536,5,Already whom data such avoid appear provide prepare day front morning box never.,2025-03-25T20:29:11
ada9057d-875c-4d96-9ccd-dab6b1a2f4d0,5af1d4b8-59d2-4ade-9efd-d8e5084a2fbd,ffc985b9-00a6-44c9-9e4e-5a6e0853e536,2,Throw sure quickly six of visit serious political side just.,2024-09-24T07:56:47
00b1181f-2331-41bb-b047-448a1188e03b,8c3d2732-c3a8-4eed-87b9-a42d16e0e60d,82ffd398-a94d-4b51-af5f-ee829e7aaa03,2,Cold available above entire about fall situation management article decide admit gas assume stay seek.,2024-07-19T16:20:58
36366877-4b28-4bde-a41c-2506dffe30bf,ea35e1f2-3e51-47b2-943d-e35617d9d079,82ffd398-a94d-4b51-af5f-ee829e7aaa03,1,Spring move establish assume cultural friend must room open population necessary despite would black.,2024-08-22T09:38:26
c27984b7-4d82-4601-8625-4b93d4406f32,f79972a4-c603-480d-b97c-6b0cc766f884,82ffd398-a94d-4b51-af5f-ee829e7aaa03,1,Mrs cut listen these shake always measure watch actually just.,2025-04-23T16:13:12
a3dbb6a8-8a3b-4aac-aef6-bc0c76f6dc2c,f79972a4-c603-480d-b97c-6b0cc766f884,1669d66c-b5a6-4b55-a28a-b911bd13777d,5,Yeah unit heavy way professional black market officer company here government adult scene energy party.,2025-05-03T06:38:44
0686a6c5-05c1-4fc0-a178-be31365fb814,b5ce402e-444a-4e1f-b1c9-cd47dd3fadce,1669d66c-b5a6-4b55-a28a-b911bd13777d,2,Business whole buy remain list nearly bar everything marriage market decision today this teacher collection.,2024-08-23T12:23:36
3c015fa1-a6d9-454c-bac9-fdf530d164f6,e79fa58a-4c7e-4a0e-a5fe-d39828f3be81,1669d66c-b5a6-4b55-a28a-b911bd13777d,4,Far seem drop later instead boy describe you level.,2024-09-15T03:38:14
efc21912-297a-4f0b-95e5-a9bc6280b0c9,c2f000d6-a5ba-4c17-bceb-fef9e9ace936,1669d66c-b5a6-4b55-a28a-b911bd13777d,4,Notice skin citizen several media then talk produce.,2025-05-10T17:55:54
b00a40f2-4b81-4b22-8e1b-5c5f08fbe791,720bc895-06df-4850-a167-50201a6d2a93,1669d66c-b5a6-4b55-a28a-b911bd13777d,3,Certainly leg international field no save high make return nor simple enjoy family.,2024-09-26T00:58:12
6192177d-8163-4eba-a77c-22797ca29cb5,c2f000d6-a5ba-4c17-bceb-fef9e9ace936,66280acf-9011-4475-9050-bf808dc40955,4,Certain around game bring top end line those seat yard hair pay watch most.,2025-03-05T05:10:44
af50c325-c44e-43c5-9671-1f85495c13b4,720bc895-06df-4850-a167-50201a6d2a93,66280acf-9011-4475-9050-bf808dc40955,2,First analysis account he consider section parent learn big heavy material item such stay.,2024-12-28T21:42:20
5ad5994e-d3b6-4463-a092-9b3f827c0c88,a58cd577-fea6-48f5-8f3b-42a7ff0db174,66280acf-9011-4475-9050-bf808dc40955,5,People morning response range skill ask fish point part other conference month together beyond.,2025-02-09T04:15:07
f3d21a03-6d24-47aa-b426-9c2ba2e131da,b50b87cc-6542-4a6d-8462-fd2cb3051c7e,f73f392b-ee5d-4455-9f1d-ff08f38c7e6f,1,Especially traditional participant floor than really whether little generation man feeling.,2024-12-13T21:25:52
89591e54-2560-4bec-8745-b55391071f4a,9e0575ab-746f-424a-9a98-f51b0f9c5d3e,f73f392b-ee5d-4455-9f1d-ff08f38c7e6f,1,Own without audience range couple take network husband.,2025-05-18T11:48:53
7cd51bff-6be8-429e-98f8-0aa56cba285e,d17dd8a4-6399-4bda-888d-7a3a73646aff,f73f392b-ee5d-4455-9f1d-ff08f38c7e6f,5,Agent star various call should send us hope local report imagine music.,2025-03-26T21:44:31
05a41421-49a3-411c-bb8d-abf20ad4d1ae,375ccd5d-9a12-43fd-b850-bd0b4ba65d10,49d7d28e-187a-4e68-a2c7-d4b601b1bfed,5,Apply there tend move down design kid himself.,2025-02-10T05:21:38
aeda80f4-c80e-4028-99a7-5f4403137746,9e0575ab-746f-424a-9a98-f51b0f9c5d3e,49d7d28e-187a-4e68-a2c7-d4b601b1bfed,4,President sound recognize senior rather land although if south her another.,2025-02-24T14:31:58
c907bd94-d15b-49bf-92d7-cb854dbb13e8,9615f8e7-65d5-46e4-b800-4b232c735eda,49d7d28e-187a-4e68-a2c7-d4b601b1bfed,4,Their him test score skin notice nation suggest subject detail start tough.,2024-09-14T21:22:26
2505cd90-10d3-442b-8c85-e5454a3421da,a58cd577-fea6-48f5-8f3b-42a7ff0db174,49d7d28e-187a-4e68-a2c7-d4b601b1bfed,1,Network can fight result candidate I pay by door.,2024-09-13T14:32:49
ff39e502-48dd-4023-83b7-80703c9b33d6,5af1d4b8-59d2-4ade-9efd-d8e5084a2fbd,49d7d28e-187a-4e68-a2c7-d4b601b1bfed,1,Join easy rock charge mind either politics bank across they open though piece.,2024-08-08T18:33:52
8735d401-7d9c-4b1c-8f45-2abab8903136,9e0575ab-746f-424a-9a98-f51b0f9c5d3e,8a0bf871-6384-415d-b6f2-dfecb2e6e01b,4,Training trial put practice open particularly with woman type.,2024-11-03T22:38:39
8c37e5dd-92ed-4f71-bfe1-a55157406651,f79972a4-c603-480d-b97c-6b0cc766f884,8a0bf871-6384-415d-b6f2-dfecb2e6e01b,2,East significant beautiful check computer along risk good suggest both better moment several card hear.,2024-09-14T23:46:50
6b8d1467-7884-4d59-893d-4a9e8ab980c1,1481afad-6c3c-4015-bc6e-e85ad425d031,8a0bf871-6384-415d-b6f2-dfecb2e6e01b,2,Stock phone clearly against nature pick teacher whether TV degree other last relate institution happen.,2024-08-22T23:44:48
46b984c8-5478-4093-8867-4d29af7d6113,9e0575ab-746f-424a-9a98-f51b0f9c5d3e,00191933-deb9-4f53-b9e8-289b353fb00a,5,Level then day certainly himself news join you television here stop during lead.,2025-05-22T23:58:37
fc4fd387-63c8-4c14-8c08-0629b44c316f,5c398a4c-3a93-4ab6-8250-9bd751dfbf2f,00191933-deb9-4f53-b9e8-289b353fb00a,4,Recent check decision show board government she the guess conference let inside next.,2025-02-14T05:06:17
2b7d6185-f95d-484f-b737-b76330d30190,720bc895-06df-4850-a167-50201a6d2a93,00191933-deb9-4f53-b9e8-289b353fb00a,4,News organization less environment benefit glass enough situation officer different out film final whatever.,2025-02-04T09:29:09
8f2f14fc-6fcb-4de9-92d0-d8885af1b3d6,7163643f-58f1-4ca4-a0e4-fb161cca8b3a,00191933-deb9-4f53-b9e8-289b353fb00a,3,Difference into whether then size foreign bag.,2025-02-06T11:32:51
7c2e2f8f-2222-4599-950f-bb776bfb6031,5af1d4b8-59d2-4ade-9efd-d8e5084a2fbd,00191933-deb9-4f53-b9e8-289b353fb00a,1,Story try second full prove allow recognize degree measure early worry build audience here return.,2024-12-28T11:04:44
c0d1e699-f154-4272-a517-b4565222ffc5,42e5a3d1-9c80-42ac-bbbd-e8c09ec99e5c,e018a18d-4b7d-4f68-a82d-c88257863e38,1,Exist society hard while yes board hour.,2024-10-01T12:53:28
0b2301af-2ec6-4741-89c0-dd7e22392822,f1e9ed60-2e1c-4b0d-a8a7-5ca744482bb1,e018a18d-4b7d-4f68-a82d-c88257863e38,5,Hear new knowledge garden son hospital team place require.,2024-12-26T14:27:49
4edcf977-b52b-4376-9efb-eb2bdbaac719,e79fa58a-4c7e-4a0e-a5fe-d39828f3be81,e018a18d-4b7d-4f68-a82d-c88257863e38,4,Moment up eye deep campaign after design write my he point.,2024-09-03T18:18:06
dec807c2-0b68-4766-aa28-22583c4cdc50,ea35e1f2-3e51-47b2-943d-e35617d9d079,4d801f05-cea8-4734-a01a-86731d71ea63,3,Through better food just push night hold wear its sing page debate walk.,2025-05-09T15:32:40
8921fb37-0d28-4faf-a359-401d1d61a8cd,8c3d2732-c3a8-4eed-87b9-a42d16e0e60d,4d801f05-cea8-4734-a01a-86731d71ea63,2,Professor fund line size front can threat bag defense although.,2025-05-04T04:44:12
2cadf0c9-6dba-4c57-8223-8c885847df50,7163643f-58f1-4ca4-a0e4-fb161cca8b3a,4d801f05-cea8-4734-a01a-86731d71ea63,3,Billion answer bit line back somebody drop hard just soldier however someone ask animal authority.,2025-02-13T18:29:06
474dc6bc-01a2-4944-b572-6fd277aded42,c2f000d6-a5ba-4c17-bceb-fef9e9ace936,4d801f05-cea8-4734-a01a-86731d71ea63,1,From exist today now for right former network protect report college type eye young.,2025-04-25T10:31:18
a174dec4-f894-4710-86d4-9ee794f86d14,720bc895-06df-4850-a167-50201a6d2a93,9741bccb-e706-4db4-bd19-ca789b7d8778,5,Treatment protect standard score agree much education thought what area right sound edge never budget relate.,2024-12-13T04:05:23
d53f0dca-7379-4ab6-b867-df30afae8f9f,7163643f-58f1-4ca4-a0e4-fb161cca8b3a,9741bccb-e706-4db4-bd19-ca789b7d8778,3,National treatment camera war yes face bill value participant almost.,2024-12-17T06:27:54
778ebaa2-bc7b-4bf2-877a-f9e59ee61a0f,9e0575ab-746f-424a-9a98-f51b0f9c5d3e,9741bccb-e706-4db4-bd19-ca789b7d8778,3,Listen heart executive sister knowledge tell you part month officer career research speech whole really.,2024-08-10T18:05:40
9465c863-c943-4115-93d9-728551bc8efb,5af1d4b8-59d2-4ade-9efd-d8e5084a2fbd,9741bccb-e706-4db4-bd19-ca789b7d8778,4,Meet international east economy spring around drive sometimes eight level.,2025-05-17T23:21:18
3ae9cccb-5740-4616-aaf3-8519a6fda205,b50b87cc-6542-4a6d-8462-fd2cb3051c7e,9741bccb-e706-4db4-bd19-ca789b7d8778,5,Home deep girl environment PM often people identify concern responsibility could Mr age seven.,2024-08-05T23:47:56
b0a484b3-29ed-47b2-9532-022784c54998,d17dd8a4-6399-4bda-888d-7a3a73646aff,55c10ddf-49e0-43b9-a89c-c44eb6a9bf44,2,Yeah whether style visit successful purpose actually by drive.,2025-01-09T11:23:02
4f796436-a75e-4b98-9855-bb6718ff6bb8,c2f000d6-a5ba-4c17-bceb-fef9e9ace936,55c10ddf-49e0-43b9-a89c-c44eb6a9bf44,4,Establish sometimes trip star house computer remain anyone community between late moment.,2024-12-27T06:30:26
15bf7972-ac0b-41b6-a12e-959b34b02cde,1481afad-6c3c-4015-bc6e-e85ad425d031,55c10ddf-49e0-43b9-a89c-c44eb6a9bf44,4,Should risk factor west need act have forward decade learn issue back recent.,2025-02-03T19:49:26
f329ec80-04bf-4e93-969d-c61d29b5bbda,7163643f-58f1-4ca4-a0e4-fb161cca8b3a,53f534d1-f0ac-4fd6-a468-d59cafa33bdb,3,Television technology rather allow media hot authority different wide last final deal.,2025-04-14T12:35:08
c844f2ab-be09-4f16-a26a-f1556d0d1d74,5af1d4b8-59d2-4ade-9efd-d8e5084a2fbd,53f534d1-f0ac-4fd6-a468-d59cafa33bdb,5,Gun from nearly support court energy dog candidate air yourself few poor.,2025-03-04T14:13:10
e8526643-0fd3-464c-8343-b25658dbc113,ea35e1f2-3e51-47b2-943d-e35617d9d079,53f534d1-f0ac-4fd6-a468-d59cafa33bdb,4,Computer voice most fight black that total common risk significant dog any may face back.,2024-11-06T09:19:34
db4548b7-49de-4723-b1ee-ae1487ac9e5b,5c398a4c-3a93-4ab6-8250-9bd751dfbf2f,53f534d1-f0ac-4fd6-a468-d59cafa33bdb,2,Exactly heavy firm president whole anyone spring budget.,2025-06-05T02:52:00
08a89809-a56d-408c-a835-e4ae469f5ad4,d17dd8a4-6399-4bda-888d-7a3a73646aff,53f534d1-f0ac-4fd6-a468-d59cafa33bdb,5,Direction technology too like world environmental pull education.,2025-07-03T15:40:51
c62786f0-d79c-4148-9071-fe227657860b,c2f000d6-a5ba-4c17-bceb-fef9e9ace936,a48c46c8-8361-4b71-bc81-2d67751a9e70,3,Visit be sea today fund main gas wide ability.,2024-12-24T09:45:54
3350aa36-5a06-4900-8a40-5eae44882026,7163643f-58f1-4ca4-a0e4-fb161cca8b3a,a48c46c8-8361-4b71-bc81-2d67751a9e70,2,Else these against operation up time probably push soldier clear.,2024-12-13T14:31:47
702fbff6-d55c-4ae8-afc9-ef025f84d1a3,9e0575ab-746f-424a-9a98-f51b0f9c5d3e,a48c46c8-8361-4b71-bc81-2d67751a9e70,2,Group throughout western source democratic matter blue I girl response cell.,2024-10-15T00:36:46
a5fda99c-b05f-415d-91f4-9f7ada75eb78,b50b87cc-6542-4a6d-8462-fd2cb3051c7e,a48c46c8-8361-4b71-bc81-2d67751a9e70,1,Quality course put window national race anyone actually long even poor.,2024-08-31T00:35:16
